{
  "pools": [
    {
      "rolls": 1,
      "entries": [
        {
          "type": "minecraft:item",
          "name": "minecraft:mace",
          "functions": [
            {
              "function": "minecraft:set_enchantments",
              "enchantments": {
                "minecraft:density": { "min": 0, "max": 2 },
                "minecraft:wind_burst": { "min": 0, "max": 1 }
              }
            }
          ]
        }
      ]
    },
    {
      "rolls": 1,
      "entries": [
        {
          "type": "minecraft:item",
          "name": "minecraft:wind_charge",
          "functions": [
            {
              "function": "minecraft:set_count",
              "count": { "min": 32, "max": 64 }
            }
          ]
        }
      ]
    }
  ]
}