{
    "display": {
        "title": {
            "text": "Episodio 2",
            "color": "gold",
            "bold": true
        },
        "description": {
            "text": ""
        },
        "icon": {
            "id": "minecraft:golden_apple"
        },
        "frame": "task",
        "show_toast": true,
        "announce_to_chat": false,
        "hidden": false
    },
    "criteria": {
        "2": {
            "trigger": "minecraft:impossible"
        }
    },
    "parent": "episodes:episodio1"
}