{
    "display": {
        "title": {
            "text": "Episodio 4",
            "color": "gold",
            "bold": true
        },
        "description": {
            "text": "Al Finalizar este episodio finaliza el pacto de caballeros!",
            "color": "black",
            "bold": false
        },
        "icon": {
            "id": "minecraft:golden_apple"
        },
        "frame": "task",
        "show_toast": true,
        "announce_to_chat": false,
        "hidden": false
    },
    "criteria": {
        "4": {
            "trigger": "minecraft:impossible"
        }
    },
    "parent": "episodes:episodio3"
}