{
    "display": {
        "title": {
            "text": "Episodio 5",
            "color": "gold",
            "bold": true
        },
        "description": {
            "text": "Finalizó el pacto de caballeros!",
            "color": "black",
            "bold": false
        },
        "icon": {
            "id": "minecraft:iron_sword"
        },
        "frame": "goal",
        "show_toast": true,
        "announce_to_chat": false,
        "hidden": false
    },
    "criteria": {
        "5": {
            "trigger": "minecraft:impossible"
        }
    },
    "parent": "episodes:episodio4"
}