{
    "display": {
        "title": {
            "text": "Episodio 9",
            "color": "gold",
            "bold": true
        },
        "description": {
            "text": "Todos los jugadores deben estar en 0 0 al finalizar este episodio!",
            "color": "black"
        },
        "icon": {
            "id": "minecraft:clock"
        },
        "frame": "task",
        "show_toast": true,
        "announce_to_chat": false,
        "hidden": false
    },
    "criteria": {
        "9": {
            "trigger": "minecraft:impossible"
        }
    },
    "parent": "episodes:episodio8"
}