{
    "display": {
        "title": {
            "text": "UHC Espectral",
            "color": "gold",
            "bold": true,
            "italic": false,
            "underlined": false,
            "strikethrough": false,
            "obfuscated": false
        },
        "description": {
            "text": "",
            "color": "black"
        },
        "icon": {
            "id": "minecraft:enchanted_golden_apple"
        },
        "frame": "goal",
        "show_toast": true,
        "announce_to_chat": false,
        "hidden": false,
        "background": "minecraft:textures/block/raw_gold_block.png"
    },
    "criteria": {
        "A": {
            "trigger": "minecraft:impossible"
        }
    }
}